Symbol;DT;Quantity;Entry;Exit;ProfitLoss
NQ;2026-07-16;1;29614;29617.75;75
NQ;2026-07-20;1;28946.25;28946.5;5
NQ;2026-07-20;1;28936.75;28922.75;-280
NQ;2026-07-20;-1;28916.5;28896.75;395
MNQ;2026-07-20;-1;28918.5;28877.75;81.5
MNQ;2026-07-20;1;28892;28883.75;-16.5
MNQ;2026-07-20;1;28862;28847.75;-28.5
MNQ;2026-07-20;1;28854;28845.25;-17.5
MNQ;2026-07-20;1;28845;28836.25;-17.5
MNQ;2026-07-20;-1;28858.75;28865.75;-14
MNQ;2026-07-20;1;28862.25;28862.75;1
MNQ;2026-07-20;1;28865.5;28863;-5
MNQ;2026-07-20;-1;28857.5;28887.75;-60.5
MNQ;2026-07-20;-1;28879.25;28890.25;-22
MNQ;2026-07-20;-1;28881.75;28890;-16.5
MNQ;2026-07-20;-1;28886;28891.25;-10.5
MNQ;2026-07-20;-1;28876.25;28874;4.5
MNQ;2026-07-20;-1;28873.75;28873.75;-0
MNQ;2026-07-20;-1;28897;28896.25;1.5
MNQ;2026-07-20;1;28892;28905;26
MNQ;2026-07-20;-1;28889.25;28904.5;-30.5
MNQ;2026-07-20;-1;28895.5;28904.25;-17.5
MNQ;2026-07-20;-2;28912;28918.5;-26
MNQ;2026-07-20;-2;28915.25;28918;-11
MNQ;2026-07-20;-1;28910.5;28923.25;-25.5
MNQ;2026-07-20;-1;28915.25;28923.25;-16
MNQ;2026-07-20;-2;28925.5;28925.5;-0
MNQ;2026-07-20;2;28931.75;28931.75;0
MNQ;2026-07-20;-1;29006.5;28999;15
MNQ;2026-07-20;-1;28989;29001;-24
MNQ;2026-07-20;-1;28996.5;29001;-9
MNQ;2026-07-20;1;29075.75;29087.25;23
MNQ;2026-07-20;1;29104.75;29085.75;-38
MNQ;2026-07-20;1;29096.25;29091;-10.5
MNQ;2026-07-20;1;29076.25;29066;-20.5
MNQ;2026-07-20;-1;29065.75;29064.25;3
MNQ;2026-07-20;-1;29073.25;29083.75;-21
MNQ;2026-07-20;1;28998;28999;2
MNQ;2026-07-20;-1;29013;29018;-10
NQ;2026-07-20;1;29000;29000.75;15
NQ;2026-07-20;1;29007.75;29028.75;420
NQ;2026-07-20;1;29129.75;29101.5;-565
NQ;2026-07-20;-1;29105;29084.5;410
NQ;2026-07-20;-1;29039.5;29051.25;-235
NQ;2026-07-20;1;29056.25;29031;-505
NQ;2026-07-20;1;29032.25;29049.75;350
NQ;2026-07-20;1;29069;29048.5;-410
NQ;2026-07-20;1;29061;29057.5;-70
NQ;2026-07-20;1;29053.75;29048.5;-105
NQ;2026-07-20;1;29046;29042.25;-75
NQ;2026-07-20;1;29003.75;28994.75;-180
NQ;2026-07-20;-1;29002;29000;40
NQ;2026-07-20;1;28997.25;28992.75;-90
NQ;2026-07-20;1;28988;28988.75;15
NQ;2026-07-20;1;28979.5;28972;-150
NQ;2026-07-20;1;29004;29005.75;35
NQ;2026-07-20;1;29022.25;29030;155
NQ;2026-07-20;1;29018.75;29011;-155
NQ;2026-07-20;-1;29021;29009.25;235
NQ;2026-07-20;1;29009.75;28999;-215
NQ;2026-07-20;1;28998;29000;40
NQ;2026-07-20;1;28968.25;28957.5;-215
NQ;2026-07-20;1;28988.75;28989.5;15
NQ;2026-07-20;1;28961;28962.25;25
NQ;2026-07-20;-1;28973.75;28949.5;485
NQ;2026-07-20;1;28916.75;28925.25;170
NQ;2026-07-20;1;28969;28969.75;15
NQ;2026-07-20;-1;28987.5;29004.25;-335
NQ;2026-07-20;1;29004;28989;-300
NQ;2026-07-20;1;28992.25;28989;-65
NQ;2026-07-20;1;29009.5;29036.5;540
NQ;2026-07-20;1;29043;29031.75;-225
NQ;2026-07-20;1;29024.75;29020;-95
NQ;2026-07-20;1;29013.75;29020;125
NQ;2026-07-20;-1;29013.5;28998.5;300
NQ;2026-07-20;-1;28987.5;28991.5;-80
NQ;2026-07-20;-1;29002.5;29005.25;-55
NQ;2026-07-20;-1;29009.75;29005;95
NQ;2026-07-20;-1;29005.5;29020;-290
NQ;2026-07-20;-1;29014.75;29020;-105
NQ;2026-07-20;-1;28992.5;28986.5;120
NQ;2026-07-20;1;28986.5;28984.25;-45
NQ;2026-07-20;1;28981.5;28984.25;55
NQ;2026-07-20;-1;29007;28995;240
NQ;2026-07-20;-1;29014;28995;380
NQ;2026-07-20;-1;28941.25;28968.25;-540
NQ;2026-07-20;-1;28954.75;28958.5;-75
NQ;2026-07-20;-1;28975.5;29002.75;-545
NQ;2026-07-20;-1;28989;29002.75;-275
NQ;2026-07-20;-1;28980.75;28964;335
NQ;2026-07-20;-1;28944.75;28927;355
NQ;2026-07-20;1;28935.75;28920;-315
NQ;2026-07-20;1;28928.75;28928.5;-5
NQ;2026-07-20;1;28915.75;28900;-315
NQ;2026-07-20;1;28905.75;28900;-115
NQ;2026-07-20;1;28906.75;28907.25;10
NQ;2026-07-20;-1;28893.75;28893.75;-0
NQ;2026-07-20;-1;28903.25;28922;-375
NQ;2026-07-20;1;28926.25;28953.25;540
NQ;2026-07-20;2;28920.25;28915.75;-180
NQ;2026-07-20;1;28917;28901.75;-305
NQ;2026-07-20;1;28912.75;28901.75;-220
NQ;2026-07-20;1;28907;28924.75;355
NQ;2026-07-20;1;28900;28924.75;495
NQ;2026-07-20;-1;28946.5;28959.5;-260
NQ;2026-07-20;-1;28953;28959.5;-130
NQ;2026-07-20;1;28974.75;28973.25;-30
NQ;2026-07-20;1;28966;28973.25;145
NQ;2026-07-20;1;28958.5;28973.25;295
NQ;2026-07-20;1;28962;28940.75;-425
NQ;2026-07-20;1;28948.5;28940.75;-155
NQ;2026-07-20;1;28943.75;28944.75;20
NQ;2026-07-20;-1;28948.25;28969.75;-430
NQ;2026-07-20;-1;28960.75;28969.25;-170
NQ;2026-07-20;-1;28983;28995;-240
NQ;2026-07-20;-1;28989.25;28995;-115
NQ;2026-07-20;1;28991.25;28998.75;150
NQ;2026-07-20;1;28982.5;28998.75;325
NQ;2026-07-20;1;28975.5;28998.75;465
NQ;2026-07-20;-1;28997.75;28979.75;360
NQ;2026-07-20;-1;29012.75;28979.75;660
NQ;2026-07-20;1;29023.75;29024.5;15
NQ;2026-07-20;-1;29015.25;29033.75;-370
NQ;2026-07-20;-1;29026;29033.25;-145
NQ;2026-07-20;-3;29016.75;29016.25;30
NQ;2026-07-20;3;29022;28999;-1380
NQ;2026-07-20;3;29006;28999.25;-405
NQ;2026-07-20;-1;28999;29003.5;-90
NQ;2026-07-20;7;28993.25;28981;-1715
NQ;2026-07-20;10;28985;28985.75;150
NQ;2026-07-20;-10;29018.75;29038.25;-3900
NQ;2026-07-20;5;29041.25;29058;1675
NQ;2026-07-20;5;29041.25;29058;1675
NQ;2026-07-20;5;29045;29058;1300
NQ;2026-07-21;-5;29055;29070.5;-1550
NQ;2026-07-21;-5;29060;29070.5;-1050
NQ;2026-07-21;5;29091.5;29098;650
NQ;2026-07-21;5;29084.25;29098;1375
NQ;2026-07-21;-4;29088;29071.5;1320
NQ;2026-07-21;-1;29088;29072.25;315
NQ;2026-07-21;-2;29101.75;29071.5;1210
NQ;2026-07-21;-3;29101.75;29071.5;1815
MNQ;2026-07-21;-1;28971;28975.75;-9.5
MNQ;2026-07-21;1;28980.25;28976;-8.5
MNQ;2026-07-21;1;28975.75;28976;0.5
MNQ;2026-07-21;-1;28976.75;28985.75;-18
MNQ;2026-07-21;-1;28978.75;28985.75;-14
MNQ;2026-07-21;1;28982.25;28989.75;15
MNQ;2026-07-21;-1;28988.25;28995;-13.5
MNQ;2026-07-21;-1;28992;28995;-6
MNQ;2026-07-21;1;29012.5;29038;51
MNQ;2026-07-21;1;29059.5;29066;13
MNQ;2026-07-21;-1;29073.5;29069;9
MNQ;2026-07-21;1;29088.5;29078;-21
MNQ;2026-07-21;1;29081.5;29078;-7
MNQ;2026-07-21;1;29072.75;29073.5;1.5
MNQ;2026-07-21;1;29096.25;29096.25;0
MNQ;2026-07-21;1;29105.5;29109;7
MNQ;2026-07-21;1;29119.75;29140.5;41.5
MNQ;2026-07-21;1;29111.5;29140.5;58
MNQ;2026-07-21;1;29094;29089.75;-8.5
MNQ;2026-07-21;1;29090.75;29114.5;47.5
MNQ;2026-07-21;-1;29107.5;29111;-7
MNQ;2026-07-21;-1;29115.25;29111;8.5
NQ;2026-07-21;-1;29197;29164;660
NQ;2026-07-21;1;29123.75;29123.5;-5
NQ;2026-07-21;1;29149.25;29142.5;-135
NQ;2026-07-21;1;29142.75;29146;65
NQ;2026-07-21;-1;29137.5;29154;-330
NQ;2026-07-21;-1;29147.25;29153.25;-120
NQ;2026-07-21;-1;29158.5;29095.75;1255
NQ;2026-07-21;-1;29154;29095.75;1165
NQ;2026-07-21;1;29146.75;29127.5;-385
NQ;2026-07-21;1;29135.25;29130.75;-90
NQ;2026-07-21;1;29122.25;29153;615
NQ;2026-07-21;-1;29223;29228.25;-105
NQ;2026-07-21;-1;29213.75;29209.5;85
NQ;2026-07-21;-1;29214.5;29225.5;-220
NQ;2026-07-21;-1;29232.5;29242.25;-195
NQ;2026-07-21;-1;29235.25;29242.25;-140
NQ;2026-07-21;1;29258.75;29273.75;300
NQ;2026-07-21;1;29256.25;29273.75;350
NQ;2026-07-21;1;29276.5;29288.5;240
MNQ;2026-07-22;1;29221.5;29218;-7
MNQ;2026-07-22;-1;29225.25;29237.75;-25
MNQ;2026-07-22;-1;29232;29237;-10
MNQ;2026-07-22;-1;29234.5;29237.75;-6.5
MNQ;2026-07-22;-1;29237.5;29240.5;-6
MNQ;2026-07-22;-1;29238.75;29240.5;-3.5
MNQ;2026-07-22;1;29238.75;29232.25;-13
MNQ;2026-07-22;1;29236.25;29232.75;-7
MNQ;2026-07-22;1;29233;29230.75;-4.5
MNQ;2026-07-22;1;29233.5;29230.75;-5.5
MNQ;2026-07-22;-1;29230;29207.75;44.5
MNQ;2026-07-22;-1;29204.5;29211;-13
MNQ;2026-07-22;-1;29207.25;29197.25;20
MNQ;2026-07-22;1;29196.75;29201.75;10
MNQ;2026-07-22;1;29208.5;29203.75;-9.5
MNQ;2026-07-22;1;29205;29200.75;-8.5
MNQ;2026-07-22;1;29194.5;29188;-13
MNQ;2026-07-22;1;29191.75;29188;-7.5
MNQ;2026-07-22;1;29192.75;29216.5;47.5
MNQ;2026-07-22;1;29193.75;29216.5;45.5
MNQ;2026-07-22;1;29218.25;29213;-10.5
MNQ;2026-07-22;1;29215.5;29213;-5
MNQ;2026-07-22;1;29212.5;29216.75;8.5
MNQ;2026-07-22;1;29222.25;29229.75;15
MNQ;2026-07-22;2;29213;29213.5;2
MNQ;2026-07-22;2;29213.5;29213.75;1
MNQ;2026-07-22;2;29212;29210.25;-7
MNQ;2026-07-22;2;29212.5;29212.75;1
MNQ;2026-07-22;2;29214.5;29210.75;-15
MNQ;2026-07-22;2;29217;29209.25;-31
MNQ;2026-07-22;2;29214;29209.5;-18
MNQ;2026-07-22;-2;29212.25;29208.75;14
MNQ;2026-07-22;-2;29218;29208.75;37
MNQ;2026-07-22;2;29214;29214;0
MNQ;2026-07-22;2;29222;29219.5;-10
MNQ;2026-07-22;2;29214.25;29214.75;2
MNQ;2026-07-22;2;29215.75;29216.25;2
MNQ;2026-07-22;2;29205.75;29205;-3
MNQ;2026-07-22;2;29205;29203.25;-7
MNQ;2026-07-22;2;29202;29202.25;1
MNQ;2026-07-22;1;29196.5;29190;-13
MNQ;2026-07-22;1;29193.75;29190;-7.5
MNQ;2026-07-22;1;29168.25;29168.5;0.5
MNQ;2026-07-22;1;29170.75;29176.25;11
MNQ;2026-07-22;1;29168.25;29176.25;16
MNQ;2026-07-22;1;29183;29160.5;-45
MNQ;2026-07-22;1;29169.5;29160.5;-18
MNQ;2026-07-22;1;29167.5;29160.5;-14
MNQ;2026-07-22;1;29163.5;29160.5;-6
MNQ;2026-07-22;1;29157.75;29159;2.5
MNQ;2026-07-22;1;29158;29159;2
MNQ;2026-07-22;1;29158;29149.5;-17
MNQ;2026-07-22;1;29153;29149.5;-7
MNQ;2026-07-22;-2;29148;29153.75;-23
MNQ;2026-07-22;2;29146.25;29141.25;-20
MNQ;2026-07-22;-2;29141.5;29147.75;-25
MNQ;2026-07-22;-2;29154.25;29147.5;27
MNQ;2026-07-22;2;29149.5;29150;2
MNQ;2026-07-22;2;29146.5;29168;86
MNQ;2026-07-22;2;29177;29170.75;-25
MNQ;2026-07-22;1;29168;29160.25;-15.5
MNQ;2026-07-22;2;29163.25;29160.5;-11
MNQ;2026-07-22;1;29162.75;29160.5;-4.5
MNQ;2026-07-22;1;29159.75;29153.5;-12.5
MNQ;2026-07-22;1;29154.75;29154;-1.5
MNQ;2026-07-22;1;29163.75;29154;-19.5
MNQ;2026-07-22;1;29159.5;29154;-11
MNQ;2026-07-22;1;29150.25;29144.25;-12
MNQ;2026-07-22;1;29151;29144.25;-13.5
MNQ;2026-07-22;1;29148.75;29144.25;-9
MNQ;2026-07-22;1;29146.5;29144.25;-4.5
MNQ;2026-07-22;-4;29138.25;29136.5;14
MNQ;2026-07-22;-1;29131;29133.25;-4.5
MNQ;2026-07-22;-1;29130.75;29133.25;-5
MNQ;2026-07-22;-1;29130.5;29133.25;-5.5
MNQ;2026-07-22;-1;29135.75;29136.5;-1.5
MNQ;2026-07-22;-1;29138.25;29136.5;3.5
MNQ;2026-07-22;-1;29140.25;29136.25;8
MNQ;2026-07-22;1;29134.25;29131.25;-6
MNQ;2026-07-22;1;29132;29131.25;-1.5
MNQ;2026-07-22;1;29132.25;29132.75;1
MNQ;2026-07-22;1;29130.5;29132.75;4.5
MNQ;2026-07-22;1;29130;29133;6
MNQ;2026-07-22;-1;29127;29133;-12
MNQ;2026-07-22;-1;29130;29132.75;-5.5
MNQ;2026-07-22;1;29129;29123;-12
MNQ;2026-07-22;1;29127;29123;-8
MNQ;2026-07-22;1;29127;29123;-8
MNQ;2026-07-22;1;29126;29123;-6
MNQ;2026-07-22;1;29122.75;29120;-5.5
MNQ;2026-07-22;1;29122.25;29120;-4.5
MNQ;2026-07-22;1;29122.5;29120;-5
MNQ;2026-07-22;1;29121.5;29120;-3
MNQ;2026-07-22;1;29116;29108;-16
MNQ;2026-07-22;1;29116.5;29108;-17
MNQ;2026-07-22;1;29114.75;29108;-13.5
MNQ;2026-07-22;1;29113.75;29108.25;-11
MNQ;2026-07-22;-1;29103.5;29070.75;65.5
MNQ;2026-07-22;-1;29070.5;29083.5;-26
MNQ;2026-07-22;-1;29063.25;29083.5;-40.5
MNQ;2026-07-22;-1;29068.5;29083.5;-30
MNQ;2026-07-22;1;29080.75;29084.75;8
MNQ;2026-07-22;1;29071.5;29084.75;26.5
MNQ;2026-07-22;1;29074;29084.75;21.5
MNQ;2026-07-22;-4;29084.25;29084;2
MNQ;2026-07-22;-4;29085;29087.25;-18
MNQ;2026-07-22;-1;29076.5;29083.25;-13.5
MNQ;2026-07-22;-1;29082;29088.5;-13
MNQ;2026-07-22;-1;29083;29088.5;-11
MNQ;2026-07-22;-1;29084.75;29088.25;-7
MNQ;2026-07-22;-3;29077.75;29081;-19.5
MNQ;2026-07-22;1;29076.5;29098.25;43.5
MNQ;2026-07-22;1;29085;29098.25;26.5
MNQ;2026-07-22;1;29097.75;29093.25;-9
MNQ;2026-07-22;1;29097.75;29093.25;-9
MNQ;2026-07-22;1;29096.75;29093.25;-7
MNQ;2026-07-22;1;29094.5;29109.5;30
MNQ;2026-07-22;1;29094.5;29109.5;30
MNQ;2026-07-22;1;29094.75;29109.5;29.5
MNQ;2026-07-22;1;29108;29105.25;-5.5
MNQ;2026-07-22;1;29106.25;29105.25;-2
MNQ;2026-07-22;2;29106;29109;12
MNQ;2026-07-22;2;29103.5;29109;22
MNQ;2026-07-22;-2;29111.5;29112;-2
MNQ;2026-07-22;-2;29113;29112;4
MNQ;2026-07-22;2;29109.5;29100.25;-37
MNQ;2026-07-22;2;29103.75;29100.5;-13
MNQ;2026-07-22;-4;29098;29085.5;100
MNQ;2026-07-22;-4;29082.5;29076.75;46
MNQ;2026-07-22;2;29070;29065.25;-19
MNQ;2026-07-22;2;29067.5;29065.5;-8
MNQ;2026-07-22;-2;29069.5;29069;2
MNQ;2026-07-22;2;29077.75;29097;77
MNQ;2026-07-22;-1;29098;29103;-10
MNQ;2026-07-22;-1;29096.75;29092.5;8.5
MNQ;2026-07-22;2;29091.5;29088.25;-13
MNQ;2026-07-22;2;29088.75;29087;-7
MNQ;2026-07-22;2;29091.5;29092;2
MNQ;2026-07-22;2;29084;29099.25;61
MNQ;2026-07-22;2;29091;29087.5;-14
MNQ;2026-07-22;2;29080.25;29076;-17
MNQ;2026-07-22;2;29077;29088.25;45
MNQ;2026-07-22;2;29062.5;29063;2
MNQ;2026-07-22;2;29066.75;29067.25;2
MNQ;2026-07-22;2;29072.25;29066.25;-24
MNQ;2026-07-22;2;29066.75;29064;-11
MNQ;2026-07-22;-2;29069.75;29069.25;2
MNQ;2026-07-22;2;29071.25;29066;-21
MNQ;2026-07-22;2;29067;29077.5;42
MNQ;2026-07-22;2;29095.25;29092.5;-11
MNQ;2026-07-22;2;29094.5;29091.5;-12
MNQ;2026-07-22;2;29094.5;29091.75;-11
MNQ;2026-07-22;-2;29091.25;29095.25;-16
MNQ;2026-07-22;-2;29098.75;29102.25;-14
MNQ;2026-07-22;2;29101.75;29113.5;47
MNQ;2026-07-22;2;29113.75;29107;-27
MNQ;2026-07-22;2;29107.75;29107.5;-1
MNQ;2026-07-22;-2;29109;29101;32
MNQ;2026-07-22;2;29100.75;29109.75;36
MNQ;2026-07-22;2;29116.75;29117.25;2
MNQ;2026-07-22;2;29122;29110;-48
MNQ;2026-07-22;2;29110;29101.25;-35
MNQ;2026-07-22;2;29105;29101.25;-15
MNQ;2026-07-22;2;29098.75;29087;-47
MNQ;2026-07-22;2;29091.75;29087;-19
MNQ;2026-07-22;-2;29083;29086.5;-14
MNQ;2026-07-22;2;29088.75;29085.5;-13
MNQ;2026-07-22;2;29088.5;29071.75;-67
MNQ;2026-07-22;2;29074.75;29071.75;-12
MNQ;2026-07-22;2;29075.75;29069.75;-24
MNQ;2026-07-22;-2;29071.5;29068.75;11
MNQ;2026-07-22;2;29068.75;29064.75;-16
MNQ;2026-07-22;2;29064.75;29056.25;-34
MNQ;2026-07-22;2;29059.75;29060.5;3
MNQ;2026-07-22;2;29060.25;29060.5;1
MNQ;2026-07-22;2;29060;29060.75;3
MNQ;2026-07-22;2;29060.25;29053.75;-26
MNQ;2026-07-22;2;29057.5;29055.25;-9
MNQ;2026-07-22;2;29051.25;29047.5;-15
MNQ;2026-07-22;2;29052.5;29046.5;-24
MNQ;2026-07-22;2;29053.75;29046.5;-29
MNQ;2026-07-22;2;29053.75;29046.5;-29
MNQ;2026-07-22;-2;29047.5;29050;-10
MNQ;2026-07-22;-2;29053.5;29050;14
MNQ;2026-07-22;-2;29055.25;29059.75;-18
MNQ;2026-07-22;2;29061.5;29062;2
MNQ;2026-07-22;-2;29064.25;29067;-11
MNQ;2026-07-22;-2;29065.25;29067;-7
MNQ;2026-07-22;2;29067.25;29058;-37
MNQ;2026-07-22;2;29066;29058;-32
MNQ;2026-07-22;2;29071.5;29059.25;-49
MNQ;2026-07-22;2;29065.25;29059.5;-23
MNQ;2026-07-22;2;29059.75;29050.75;-36
MNQ;2026-07-22;2;29057.75;29050.75;-28
MNQ;2026-07-22;2;29047.75;29044.5;-13
MNQ;2026-07-22;2;29040.75;29044.5;15
MNQ;2026-07-22;2;29045.25;29046;3
MNQ;2026-07-22;-2;29067.5;29056.5;44
MNQ;2026-07-22;-2;29052.25;29051.5;3
MNQ;2026-07-22;2;29056.25;29052.75;-14
MNQ;2026-07-22;2;29055.5;29056.5;4
MNQ;2026-07-22;2;29061;29071.75;43
MNQ;2026-07-22;2;29057.75;29071.5;55
MNQ;2026-07-22;-2;29081.5;29084;-10
MNQ;2026-07-22;-1;29093;29101.25;-16.5
MNQ;2026-07-22;-1;29092.5;29101.25;-17.5
MNQ;2026-07-22;2;29081;29076;-20
MNQ;2026-07-22;2;29079.5;29065;-58
MNQ;2026-07-22;2;29064;29065.25;5
MNQ;2026-07-22;2;29117;29109;-32
MNQ;2026-07-22;-2;29113.75;29118.75;-20
MNQ;2026-07-22;-2;29115.25;29121.25;-24
MNQ;2026-07-22;-2;29119.25;29122.75;-14
MNQ;2026-07-22;2;29115.5;29111.75;-15
MNQ;2026-07-22;-2;29096;29095.75;1
MNQ;2026-07-22;2;29100.5;29116;62
MNQ;2026-07-22;2;29156.75;29145.25;-46
MNQ;2026-07-22;-2;29147.25;29134.75;50
MNQ;2026-07-22;2;29120.25;29132.5;49
MNQ;2026-07-22;2;29121.25;29132.5;45
MNQ;2026-07-22;2;29149;29162.5;54
MNQ;2026-07-22;2;29132.5;29132.75;1
MNQ;2026-07-22;2;29137.25;29133.25;-16
MNQ;2026-07-22;2;29131.75;29128.5;-13
MNQ;2026-07-22;2;29129;29129.5;2
MNQ;2026-07-22;-2;29126.75;29129;-9
MNQ;2026-07-22;2;29124.5;29123;-6
MNQ;2026-07-22;2;29117.5;29117.75;1
MNQ;2026-07-22;2;29119.5;29118.5;-4
MNQ;2026-07-22;-2;29133;29126.5;26
MNQ;2026-07-22;2;29104.5;29098.5;-24
MNQ;2026-07-22;2;29100;29098.5;-6
MNQ;2026-07-22;2;29110.75;29107.25;-14
NQ;2026-07-22;1;29021;29016.5;-90
NQ;2026-07-22;1;29014;29019;100
NQ;2026-07-22;-1;29173.75;29175.75;-40
NQ;2026-07-22;-1;29179.25;29175.75;70
NQ;2026-07-22;1;29221;29237.25;325
NQ;2026-07-22;1;29218.5;29219.25;15
NQ;2026-07-22;1;29217.25;29210.5;-135
NQ;2026-07-22;-1;29210.5;29218;-150
NQ;2026-07-22;-1;29220;29219.5;10
NQ;2026-07-22;-1;29224;29231.5;-150
NQ;2026-07-22;-1;29233;29233;-0
NQ;2026-07-22;1;29256.25;29252;-85
NQ;2026-07-22;1;29256.75;29247.25;-190
NQ;2026-07-22;-1;29236.75;29232.75;80
NQ;2026-07-22;1;29241.5;29234.75;-135
NQ;2026-07-22;-1;29240.25;29223.25;340
NQ;2026-07-22;-1;29224;29212;240
NQ;2026-07-22;-1;29197.5;29191;130
NQ;2026-07-22;-1;29199;29190;180
NQ;2026-07-22;1;29185.5;29186.25;15
NQ;2026-07-22;1;29181;29202.75;435
NQ;2026-07-22;-1;29220;29228.25;-165
NQ;2026-07-22;-1;29254.75;29255.75;-20
NQ;2026-07-22;1;29252;29252.25;5
NQ;2026-07-22;-1;29253;29261.75;-175
NQ;2026-07-22;-1;29265.25;29268.25;-60
NQ;2026-07-22;1;29268.75;29263.75;-100
NQ;2026-07-22;-1;29266.25;29271.25;-100
NQ;2026-07-22;1;29271.5;29293.5;440
NQ;2026-07-22;1;29266;29293.5;550
NQ;2026-07-22;1;29310;29304.75;-105
NQ;2026-07-22;1;29300.25;29295.5;-95
NQ;2026-07-22;1;29294.25;29300.25;120
NQ;2026-07-22;1;29301.25;29302.25;20
NQ;2026-07-22;1;29298.25;29291;-145
NQ;2026-07-22;1;29288;29302.5;290
MNQ;2026-07-23;1;29112.25;29130.75;37
MNQ;2026-07-23;1;29106;29130.75;49.5
NQ;2026-07-23;-1;28842.75;28840.25;50
NQ;2026-07-23;-1;28808;28767.25;815
NQ;2026-07-23;1;28757.75;28785.25;550
NQ;2026-07-23;1;28811.25;28815.25;80
NQ;2026-07-23;1;28818.25;28802.75;-310
NQ;2026-07-23;-1;28788;28797.75;-195
NQ;2026-07-23;-1;28785.25;28729.5;1115
MNQ;2026-07-24;1;28588.25;28602;27.5
MNQ;2026-07-24;1;28602.25;28594.25;-16
MNQ;2026-07-24;1;28595.75;28591;-9.5
MNQ;2026-07-24;1;28591;28583.25;-15.5
MNQ;2026-07-24;1;28580;28575.25;-9.5
MNQ;2026-07-24;1;28559.25;28554.5;-9.5
MNQ;2026-07-24;1;28551.5;28546.25;-10.5
MNQ;2026-07-24;-1;28545.5;28545;1
MNQ;2026-07-24;1;28559;28559.25;0.5
MNQ;2026-07-24;1;28559.5;28552.5;-14
MNQ;2026-07-24;1;28561.5;28569.25;15.5
MNQ;2026-07-24;1;28611.75;28616.25;9
MNQ;2026-07-24;-1;28616.5;28621;-9
MNQ;2026-07-24;1;28576;28569.25;-13.5
MNQ;2026-07-24;1;28563.25;28550;-26.5
MNQ;2026-07-24;1;28525.5;28526;1
MNQ;2026-07-24;1;28533.25;28529.5;-7.5
MNQ;2026-07-24;1;28526.25;28521;-10.5
MNQ;2026-07-24;1;28544.25;28547.25;6
MNQ;2026-07-24;1;28542.75;28557.25;29
MNQ;2026-07-24;-1;28561.75;28550.5;22.5
MNQ;2026-07-24;1;28535;28521;-28
MNQ;2026-07-24;1;28523.75;28515;-17.5
MNQ;2026-07-24;-1;28511.5;28520;-17
MNQ;2026-07-24;1;28520.75;28512.25;-17
MNQ;2026-07-24;1;28517;28517.75;1.5
MNQ;2026-07-24;1;28508.75;28506.25;-5
MNQ;2026-07-24;1;28505.25;28500.25;-10
MNQ;2026-07-24;-1;28506.25;28505.5;1.5
MNQ;2026-07-24;-1;28468;28475;-14
MNQ;2026-07-24;-1;28478.75;28484.5;-11.5
MNQ;2026-07-24;-1;28481.25;28486.5;-10.5
MNQ;2026-07-24;1;28490.25;28491.5;2.5
MNQ;2026-07-24;1;28488.5;28477.75;-21.5
MNQ;2026-07-24;1;28475;28475.5;1
MNQ;2026-07-24;1;28478.75;28468.75;-20
MNQ;2026-07-24;1;28467.5;28461.5;-12
MNQ;2026-07-24;1;28455.5;28459;7
MNQ;2026-07-24;1;28460.5;28501.25;81.5
MNQ;2026-07-24;1;28452;28501.25;98.5
MNQ;2026-07-24;-1;28401.75;28351;101.5
MNQ;2026-07-24;1;28327.25;28320.25;-14
MNQ;2026-07-24;-1;28329.5;28344.25;-29.5
MNQ;2026-07-24;-1;28362.75;28330.75;64
MNQ;2026-07-24;1;28373;28365;-16
MNQ;2026-07-24;1;28365.75;28366.75;2
MNQ;2026-07-24;1;28366.25;28357.25;-18
MNQ;2026-07-24;1;28370.5;28375.25;9.5
MNQ;2026-07-24;1;28336.75;28338;2.5
MNQ;2026-07-24;-1;28337;28343.5;-13
MNQ;2026-07-24;-1;28340;28348.75;-17.5
MNQ;2026-07-24;-1;28373.75;28380.5;-13.5
MNQ;2026-07-24;1;28376.5;28365.5;-22
MNQ;2026-07-24;1;28363.5;28356.75;-13.5
MNQ;2026-07-24;1;28376;28407.75;63.5
MNQ;2026-07-24;1;28408.5;28409.75;2.5
MNQ;2026-07-24;-1;28423.75;28398.5;50.5
MNQ;2026-07-24;-1;28390.25;28399.5;-18.5
MNQ;2026-07-24;1;28406.25;28418.75;25
MNQ;2026-07-24;1;28449;28438;-22
MNQ;2026-07-24;1;28435.75;28422.75;-26
MNQ;2026-07-24;-1;28422.75;28378.25;89
MNQ;2026-07-24;1;28338.5;28329.25;-18.5
MNQ;2026-07-24;1;28335.5;28336.25;1.5
MNQ;2026-07-24;1;28318;28319;2
MNQ;2026-07-24;1;28320.25;28377.75;115
MNQ;2026-07-24;1;28307.75;28360.5;105.5
MNQ;2026-07-24;1;28395;28379.25;-31.5
MNQ;2026-07-24;1;28389.5;28378.75;-21.5
MNQ;2026-07-24;1;28376.25;28400.5;48.5
MNQ;2026-07-24;-1;28357.5;28333.25;48.5
MNQ;2026-07-25;1;28601.5;28602.25;1.5
NQ;2026-07-25;1;28609.25;28609.5;5
NQ;2026-07-25;1;28624.25;28610.25;-280
MNQ;2026-07-25;1;28622.25;28608.25;-28
MNQ;2026-07-25;1;28609.75;28611.25;3
NQ;2026-07-25;1;28607.5;28608.25;15
MNQ;2026-07-25;-1;28576.75;28569.5;14.5
NQ;2026-07-25;-1;28580.5;28554.25;525
MNQ;2026-07-25;-1;28559.75;28567.5;-15.5
NQ;2026-07-25;-1;28560;28567.5;-150
NQ;2026-07-25;1;28570.5;28587.5;340
MNQ;2026-07-25;1;28566.75;28587.25;41
MNQ;2026-07-27;-1;28626;28622.75;6.5
MNQ;2026-07-27;-1;28597.5;28602;-9
MNQ;2026-07-27;-1;28600.75;28600.5;0.5
NQ;2026-07-27;-1;28580.25;28588.5;-165
NQ;2026-07-27;-1;28584.25;28593.25;-180
NQ;2026-07-27;-1;28584.25;28574;205
MNQ;2026-07-27;-1;28500.5;28505.75;-10.5
NQ;2026-07-27;-1;28510;28518.75;-175
NQ;2026-07-27;1;28535;28585;1000
NQ;2026-07-27;1;28610.25;28589;-425
NQ;2026-07-27;1;28587;28587.5;10
NQ;2026-07-27;1;28596;28583.5;-250
NQ;2026-07-27;1;28580;28567;-260
NQ;2026-07-27;1;28554;28539.5;-290
NQ;2026-07-27;1;28545.75;28528.5;-345
NQ;2026-07-27;1;28539.5;28531;-170
NQ;2026-07-27;1;28543;28531.5;-230
NQ;2026-07-27;-1;28522.75;28460;1255
NQ;2026-07-27;1;28440.5;28452.25;235
NQ;2026-07-27;1;28466.25;28454.25;-240
NQ;2026-07-27;1;28449;28436;-260
NQ;2026-07-27;-1;28434.5;28434;10
NQ;2026-07-27;1;28436.25;28447.5;225
NQ;2026-07-27;-1;28457.5;28471;-270
NQ;2026-07-27;-1;28490.75;28499;-165
NQ;2026-07-27;1;28480.5;28481;10
NQ;2026-07-27;-1;28451;28434;340
NQ;2026-07-27;-1;28408;28389.25;375
NQ;2026-07-27;-1;28418;28389.25;575
MNQ;2026-07-27;1;28358;28352.75;-10.5
NQ;2026-07-27;1;28346.75;28341;-115
NQ;2026-07-27;1;28345.5;28336;-190
NQ;2026-07-27;1;28334;28355.25;425
NQ;2026-07-27;1;28359.5;28355.25;-85
NQ;2026-07-27;1;28328.75;28317.5;-225
NQ;2026-07-27;1;28326;28315.25;-215
NQ;2026-07-27;-1;28314.75;28329.25;-290
NQ;2026-07-27;-1;28324.75;28331.5;-135
NQ;2026-07-27;-1;28322.5;28337.75;-305
NQ;2026-07-27;-1;28330;28337.75;-155
NQ;2026-07-27;1;28329.75;28307.75;-440
NQ;2026-07-27;1;28313.5;28303.75;-195
NQ;2026-07-27;-1;28299;28299.25;-5
NQ;2026-07-27;1;28308.5;28310;30
NQ;2026-07-27;1;28307.25;28313.5;125
NQ;2026-07-27;1;28318;28313.5;-90
NQ;2026-07-27;-1;28326;28345.75;-395
NQ;2026-07-27;-1;28333.75;28345.75;-240
NQ;2026-07-27;1;28288;28288.25;5
NQ;2026-07-27;-1;28271;28248.25;455
NQ;2026-07-27;-1;28236.5;28238.75;-45
NQ;2026-07-27;1;28244.25;28252;155
NQ;2026-07-27;1;28284.25;28256.25;-560
NQ;2026-07-27;1;28269.25;28256.25;-260
NQ;2026-07-27;-1;28242;28290;-960
NQ;2026-07-27;-1;28272.25;28290;-355
NQ;2026-07-27;1;28283;28272;-220
NQ;2026-07-27;1;28271.75;28272;5
NQ;2026-07-27;1;28260.25;28272;235
NQ;2026-07-27;1;28274.75;28272;-55
NQ;2026-07-27;1;28235.5;28225.75;-195
NQ;2026-07-27;1;28241.5;28272;610
NQ;2026-07-27;1;28252.25;28263;215
NQ;2026-07-27;-1;28257.75;28232.5;505
NQ;2026-07-27;-1;28260;28232.5;550
NQ;2026-07-27;1;28221.75;28247;505
NQ;2026-07-27;1;28222.5;28247;490
NQ;2026-07-27;-1;28226.25;28196;605
NQ;2026-07-27;1;28168.75;28147;-435
NQ;2026-07-27;1;28157;28147.75;-185
NQ;2026-07-27;1;28149;28140;-180
NQ;2026-07-27;1;28139;28132.75;-125
NQ;2026-07-27;-1;28109;28074.5;690
NQ;2026-07-27;-1;28061.75;28020.75;820
NQ;2026-07-27;-1;28040;28053;-260
NQ;2026-07-27;-1;28042;28005.5;730
NQ;2026-07-27;-1;27958;27957.5;10
NQ;2026-07-27;-1;27971.75;27965.75;120
NQ;2026-07-27;1;27993.25;27955.75;-750
NQ;2026-07-27;1;27979.75;27972.25;-150
NQ;2026-07-27;1;27951.25;27996.25;900
NQ;2026-07-27;1;28002.5;28022;390
NQ;2026-07-27;1;28022.25;28073.75;1030
NQ;2026-07-27;-1;28110.75;28115.25;-90
NQ;2026-07-27;1;28120.25;28096;-485
NQ;2026-07-27;-1;28123.75;28134.5;-215
NQ;2026-07-27;-1;28152;28163;-220
NQ;2026-07-27;-1;28159.25;28163;-75
NQ;2026-07-27;1;28163.25;28159.5;-75
NQ;2026-07-27;1;28153.25;28149.5;-75
NQ;2026-07-27;1;28175.75;28167;-175
NQ;2026-07-27;1;28157.25;28157;-5
NQ;2026-07-27;1;28164;28157;-140
NQ;2026-07-27;1;28163.25;28157;-125
NQ;2026-07-27;1;28155.75;28160.75;100
NQ;2026-07-27;1;28148.75;28160.75;240
NQ;2026-07-27;1;28146.5;28160.75;285
NQ;2026-07-27;1;28145;28161.25;325
NQ;2026-07-27;1;28191;28169.25;-435
NQ;2026-07-27;1;28180.25;28172.75;-150
NQ;2026-07-27;-1;28158.25;28170;-235
NQ;2026-07-27;-1;28153;28170;-340
NQ;2026-07-27;-1;28164.25;28170;-115
NQ;2026-07-27;1;28171;28171;0
NQ;2026-07-27;1;28164;28140.5;-470
NQ;2026-07-27;1;28163;28153.25;-195
NQ;2026-07-27;1;28159.25;28153.25;-120
NQ;2026-07-27;1;28157.25;28153.25;-80
NQ;2026-07-27;1;28154.75;28140.5;-285
NQ;2026-07-27;1;28149.5;28140.5;-180
NQ;2026-07-27;1;28152.5;28157;90
NQ;2026-07-27;1;28146.75;28157;205
NQ;2026-07-27;1;28143.5;28157;270
NQ;2026-07-27;1;28155.25;28153;-45
NQ;2026-07-27;1;28149.75;28153;65
NQ;2026-07-27;-1;28152.25;28169.25;-340
NQ;2026-07-27;-1;28156.25;28169.25;-260
NQ;2026-07-27;1;28151.75;28137;-295
NQ;2026-07-27;1;28152.5;28137;-310
NQ;2026-07-27;1;28128.75;28126.5;-45
NQ;2026-07-27;1;28123.75;28126.5;55
NQ;2026-07-27;-1;28129;28103.25;515
NQ;2026-07-27;-1;28098;28101.75;-75
NQ;2026-07-27;-1;28074.25;28073;25
NQ;2026-07-27;-1;28111.25;28122.25;-220
NQ;2026-07-27;1;28145;28126.75;-365
NQ;2026-07-27;-1;28138;28098.25;795
NQ;2026-07-27;-1;28079.5;28078.5;20
NQ;2026-07-27;1;28077.75;28054.25;-470
NQ;2026-07-27;1;28063.25;28054.25;-180
NQ;2026-07-27;-1;28049;28029.5;390
NQ;2026-07-27;-1;28015;28028.75;-275
NQ;2026-07-27;-1;28009;28023.75;-295
NQ;2026-07-27;-1;28017;28023.75;-135
NQ;2026-07-27;-1;28006;28032;-520
NQ;2026-07-27;-1;28022.25;28032;-195
NQ;2026-07-27;-1;28038.5;28022.75;315
NQ;2026-07-27;-1;28043.5;28022.25;425
NQ;2026-07-27;-1;28027.5;28026.5;20
NQ;2026-07-27;-1;28019;28033;-280
NQ;2026-07-27;1;28039.5;28038.5;-20
NQ;2026-07-27;1;28037.75;28038.5;15
NQ;2026-07-28;1;28043.5;28083.25;795
NQ;2026-07-28;1;28101.5;28100.25;-25
NQ;2026-07-28;-1;28109.75;28124.75;-300
NQ;2026-07-28;1;28124;28141.5;350
NQ;2026-07-28;-1;28139.25;28152;-255
NQ;2026-07-28;-1;28144.5;28148.75;-85
NQ;2026-07-28;1;28151.25;28136.75;-290
NQ;2026-07-28;1;28145.25;28137.25;-160
NQ;2026-07-28;-1;28140;28098;840
NQ;2026-07-28;-1;28146.5;28098;970
NQ;2026-07-28;-1;28088.75;28084;95
NQ;2026-07-28;-1;28052.25;28056.75;-90
NQ;2026-07-28;1;28057.5;28057;-10
NQ;2026-07-28;-1;28061;28065;-80
NQ;2026-07-28;-1;28060.5;28070.75;-205
NQ;2026-07-28;-1;28067.5;28070.75;-65
NQ;2026-07-28;1;28076;28069.25;-135
NQ;2026-07-28;1;28074.75;28177.5;2055
NQ;2026-07-28;1;28057.5;28177.5;2400
NQ;2026-07-28;1;28185.25;28174.75;-210
NQ;2026-07-28;1;28172;28165.75;-125
NQ;2026-07-28;1;28167.5;28190.5;460
NQ;2026-07-28;1;28162.75;28157;-115
NQ;2026-07-28;-1;28182.25;28157.25;500
NQ;2026-07-28;-1;28194.5;28157.25;745
NQ;2026-07-28;-1;28094;28075.75;365
NQ;2026-07-28;-1;28032.5;28048.5;-320
NQ;2026-07-28;-1;28041.75;28048.5;-135
NQ;2026-07-28;-1;28050.75;28055.25;-90
NQ;2026-07-28;-1;28046;28002.75;865
NQ;2026-07-28;-1;27895;27907;-240
NQ;2026-07-28;-1;27872.75;27844;575
NQ;2026-07-28;-1;27827.5;27835.5;-160
NQ;2026-07-28;-1;27811;27811.75;-15
NQ;2026-07-28;-1;27816.5;27836.75;-405
NQ;2026-07-28;1;27809.25;27807.75;-30
NQ;2026-07-28;-1;27802.5;27737.25;1305
NQ;2026-07-28;-1;27759.25;27759.75;-10
NQ;2026-07-28;-1;27667.25;27679.75;-250
NQ;2026-07-28;-1;27700;27709.25;-185
NQ;2026-07-28;1;27721.5;27722.25;15
NQ;2026-07-28;1;27744.25;27731.75;-250
NQ;2026-07-28;1;27729.25;27757.5;565
NQ;2026-07-28;1;27760;27746;-280
NQ;2026-07-28;1;27727.25;27708.75;-370
NQ;2026-07-28;-1;27723.5;27745;-430
NQ;2026-07-28;1;27692.75;27672.5;-405
NQ;2026-07-28;1;27675.5;27667.75;-155
NQ;2026-07-28;1;27682.25;27698;315
NQ;2026-07-28;1;27678.5;27664.25;-285
NQ;2026-07-28;1;27669.5;27656;-270
NQ;2026-07-28;-1;27720.5;27734.75;-285
NQ;2026-07-28;-1;27723.5;27731.75;-165
NQ;2026-07-28;1;27726.75;27717.25;-190
NQ;2026-07-28;-1;27763;27774.5;-230
NQ;2026-07-28;-1;27772.5;27769;70
NQ;2026-07-28;1;27785.5;27761.25;-485
NQ;2026-07-28;1;27724.25;27711.75;-250
NQ;2026-07-28;-1;27690.75;27690;15
NQ;2026-07-28;-1;27691;27691.25;-5
NQ;2026-07-28;-1;27639.75;27647.5;-155
NQ;2026-07-28;-1;27650.25;27654.75;-90
NQ;2026-07-28;-1;27705.75;27693.25;250
NQ;2026-07-28;-1;27684.5;27696.75;-245
NQ;2026-07-28;1;27700.25;27691.25;-180
NQ;2026-07-28;1;27689.5;27689.5;0
NQ;2026-07-28;-1;27702;27702;-0
NQ;2026-07-28;-1;27707;27715.75;-175
NQ;2026-07-28;1;27718.5;27700.75;-355
NQ;2026-07-28;1;27708.25;27707.25;-20
NQ;2026-07-28;1;27705.75;27696.25;-190
NQ;2026-07-28;-1;27715;27697.25;355
NQ;2026-07-28;1;27692.25;27705;255
NQ;2026-07-28;-1;27759.5;27743.5;320
NQ;2026-07-28;-1;27741;27750;-180
NQ;2026-07-28;1;27736.75;27723;-275
NQ;2026-07-28;-1;27773.5;27773;10
NQ;2026-07-28;1;27775.5;27776.75;25
NQ;2026-07-28;1;27771.75;27765;-135
NQ;2026-07-28;1;27756.25;27752;-85
NQ;2026-07-28;1;27802.75;27853;1005
NQ;2026-07-28;-1;27881.25;27858.25;460
NQ;2026-07-28;-1;27854.25;27862;-155
NQ;2026-07-28;-1;27860.5;27866.25;-115
NQ;2026-07-28;1;27841.75;27842.5;15
NQ;2026-07-28;1;27805.75;27820.75;300
NQ;2026-07-28;1;27820.75;27816.25;-90
NQ;2026-07-28;1;27817;27807.5;-190
NQ;2026-07-28;-1;27813.25;27816.5;-65
NQ;2026-07-28;-1;27817;27793.75;465
NQ;2026-07-28;-1;27828.25;27832;-75
NQ;2026-07-28;1;27787;27781.5;-110
NQ;2026-07-28;1;27786.75;27781.5;-105
NQ;2026-07-28;1;27782;27836;1080
NQ;2026-07-28;1;27865.25;27857.5;-155
NQ;2026-07-28;1;27849.75;27844.75;-100
NQ;2026-07-28;1;27831.75;27825.75;-120
NQ;2026-07-28;-1;27832.75;27832.25;10
NQ;2026-07-28;-1;27831;27839.25;-165
NQ;2026-07-28;1;27844.25;27866.5;445
NQ;2026-07-28;-1;27847;27861.5;-290
NQ;2026-07-28;-1;27863;27863;-0
NQ;2026-07-28;1;27865.5;27861.5;-80
NQ;2026-07-28;1;27863;27864.75;35
NQ;2026-07-28;-1;27956;27955;20
NQ;2026-07-28;2;27955.5;27964.25;350
NQ;2026-07-28;-2;27957.5;27962.5;-200
NQ;2026-07-28;2;27965.25;27960.25;-200
NQ;2026-07-28;1;27956.25;27965;175
NQ;2026-07-28;2;27960.75;27955.5;-210
NQ;2026-07-28;2;27958.5;27967.25;350
NQ;2026-07-28;2;27972.75;27981.5;350
NQ;2026-07-28;-2;27985;27976.25;350
NQ;2026-07-28;2;27980.25;27989;350
NQ;2026-07-28;2;28002.75;27999;-150
NQ;2026-07-28;2;27995;27990;-200
NQ;2026-07-28;-2;27988.5;27993.5;-200
NQ;2026-07-28;2;27986.75;27981.5;-210
NQ;2026-07-28;2;27974;27970;-160
NQ;2026-07-28;2;27967.25;27976;350
NQ;2026-07-28;2;27972.75;27967.75;-200
NQ;2026-07-28;-2;27963.75;27969.25;-220
NQ;2026-07-28;-2;27968.75;27960;350
NQ;2026-07-28;2;27961.5;27970.25;350
NQ;2026-07-28;2;27955.75;27951.5;-170
NQ;2026-07-28;2;27952.25;27961;350
NQ;2026-07-28;2;27960.25;27954.75;-220
NQ;2026-07-28;2;27958;27953;-200
NQ;2026-07-28;2;27969.5;27978.25;350
NQ;2026-07-28;2;27981.5;27976.25;-210
NQ;2026-07-28;2;27975.5;27970.5;-200
NQ;2026-07-28;2;27975.25;27985.25;400
NQ;2026-07-28;-2;27984.25;27989.25;-200
NQ;2026-07-28;-2;27991.25;27982.5;350
NQ;2026-07-28;-2;27989.75;27981;350
NQ;2026-07-28;-2;27980;27984;-160
NQ;2026-07-28;2;27981.25;27990;350
NQ;2026-07-28;-2;28002;28007;-200
NQ;2026-07-28;2;28004;28004.5;20
NQ;2026-07-28;2;27990;27998.75;350
NQ;2026-07-28;-2;28004;28004;-0
NQ;2026-07-28;2;28004.25;27999.25;-200
NQ;2026-07-28;2;28010.25;28005.25;-200
NQ;2026-07-28;2;28009.25;28004;-210
NQ;2026-07-28;2;28004;28012.75;350
NQ;2026-07-28;-2;28002.25;27994.25;320
NQ;2026-07-28;2;28001.5;27996;-220
NQ;2026-07-28;2;27996.5;28005.25;350
NQ;2026-07-28;2;28004;28004.25;10
NQ;2026-07-28;-2;28005.5;27996.75;350
NQ;2026-07-28;2;27993.75;27991.75;-80
NQ;2026-07-28;-2;27995.25;27999.25;-160
NQ;2026-07-28;-2;28021.25;28026.25;-200
NQ;2026-07-28;-2;28028;28033;-200
NQ;2026-07-28;-2;28032.75;28037.75;-200
NQ;2026-07-28;-2;28036.5;28038.75;-90
NQ;2026-07-28;-2;28038.75;28044;-210
NQ;2026-07-28;2;28045.5;28043;-100
NQ;2026-07-28;2;28045.5;28052;260
NQ;2026-07-28;2;28031.25;28025.75;-220
NQ;2026-07-28;2;28025.5;28019.75;-230
NQ;2026-07-28;2;28026.75;28021;-230
NQ;2026-07-28;2;28020.25;28015.25;-200
NQ;2026-07-28;2;28016.25;28010.5;-230
NQ;2026-07-28;2;28032.75;28032.5;-10
NQ;2026-07-28;-2;28034;28039;-200
NQ;2026-07-28;-2;28049.75;28055.5;-230
NQ;2026-07-28;2;28048;28043;-200
NQ;2026-07-28;2;28041.5;28036.5;-200
NQ;2026-07-28;-1;28029;28040.5;-230
NQ;2026-07-28;-1;28043;28051.25;-165
NQ;2026-07-29;1;27728;27758.25;605
NQ;2026-07-29;2;27752.25;27762.25;400
NQ;2026-07-29;2;27766;27773.75;310
NQ;2026-07-29;-2;27767.5;27758.25;370
NQ;2026-07-29;-1;27781.75;27791.75;-200
NQ;2026-07-29;1;27793.5;27814.25;415
NQ;2026-07-29;1;27760.5;27751.75;-175
NQ;2026-07-29;1;27687.25;27673;-285
NQ;2026-07-29;-1;27667.75;27644.5;465
NQ;2026-07-29;1;27653.5;27671.5;360
NQ;2026-07-29;1;27673;27673.5;10
NQ;2026-07-29;1;27599.75;27591.75;-160
NQ;2026-07-29;1;27599.75;27600;5
NQ;2026-07-29;-1;27645.25;27608.25;740
NQ;2026-07-29;1;27608;27603.25;-95
NQ;2026-07-29;1;27607;27597.25;-195
NQ;2026-07-29;1;27590.25;27585.25;-100
NQ;2026-07-29;1;27602.5;27582.75;-395
NQ;2026-07-29;1;27576.25;27560.5;-315
NQ;2026-07-29;-1;27539.25;27546.25;-140
NQ;2026-07-29;-1;27559.75;27527;655
NQ;2026-07-29;-1;27518.5;27532.75;-285
NQ;2026-07-29;-1;27536.5;27535;30
NQ;2026-07-29;-1;27543;27551.5;-170
NQ;2026-07-29;1;27539.75;27530.75;-180
NQ;2026-07-29;-1;27581.75;27580.75;20
NQ;2026-07-29;-1;27596;27602.75;-135
NQ;2026-07-29;1;27589.75;27595;105
NQ;2026-07-29;-1;27606.75;27561.5;905
NQ;2026-07-29;1;27599;27586.25;-255
NQ;2026-07-29;1;27594.25;27591.5;-55
NQ;2026-07-29;1;27625.75;27622;-75
NQ;2026-07-29;-1;27628.5;27631.5;-60
NQ;2026-07-29;1;27617.25;27611;-125
NQ;2026-07-29;1;27613.25;27608.5;-95
NQ;2026-07-29;1;27652.75;27648.25;-90
NQ;2026-07-29;1;27642.25;27643;15
NQ;2026-07-29;1;27633.75;27633.25;-10
NQ;2026-07-29;1;27601.25;27587;-285
NQ;2026-07-29;1;27585.25;27572.25;-260
NQ;2026-07-29;1;27580.5;27580.5;0
NQ;2026-07-29;1;27610.25;27604.25;-120
NQ;2026-07-29;1;27609.5;27557;-1050
NQ;2026-07-29;1;27553.5;27544.5;-180
NQ;2026-07-30;1;27719;27707;-240
NQ;2026-07-30;1;27680.5;27680;-10
NQ;2026-07-30;-1;27688.5;27692.5;-80
NQ;2026-07-30;1;27685.75;27672.5;-265
NQ;2026-07-30;1;27666.75;27661.5;-105
NQ;2026-07-30;1;27662.75;27658;-95
NQ;2026-07-30;1;27648.75;27641.5;-145
NQ;2026-07-30;-1;27637.75;27666.5;-575
NQ;2026-07-30;-1;27651;27666.5;-310
NQ;2026-07-30;-1;27667;27679.25;-245
NQ;2026-07-30;-1;27688;27694.25;-125
NQ;2026-07-30;-1;27687.5;27648.75;775
NQ;2026-07-30;-1;27659.5;27668.25;-175
NQ;2026-07-30;-1;27669.25;27677.5;-165
NQ;2026-07-30;-1;27677;27684;-140
NQ;2026-07-30;-1;27656.75;27664.75;-160
NQ;2026-07-30;-1;27671.75;27679.25;-150
NQ;2026-07-30;-1;27686;27691.25;-105
NQ;2026-07-30;-1;27820;27808;240
NQ;2026-07-30;-1;27803.75;27821;-345
NQ;2026-07-30;-1;27822;27830;-160
NQ;2026-07-30;1;27853;27860;140
NQ;2026-07-30;1;27837.5;27831;-130
NQ;2026-07-30;1;27832.25;27832.25;0
NQ;2026-07-30;-1;27861.75;27870;-165
NQ;2026-07-30;1;27829;27829.25;5
NQ;2026-07-30;1;27829;27818.5;-210
NQ;2026-07-30;-1;27788;27795.5;-150
NQ;2026-07-30;-1;27780.75;27795;-285
NQ;2026-07-30;-1;27761.25;27770;-175
NQ;2026-07-30;-1;27765.5;27773;-150
NQ;2026-07-30;-1;27762.5;27735.75;535
NQ;2026-07-30;-1;27762.75;27736.75;520
NQ;2026-07-30;1;27757.25;27743;-285
NQ;2026-07-30;-1;27730.25;27752.5;-445
NQ;2026-07-30;1;27716.5;27731.5;300
NQ;2026-07-30;1;27742.5;27743.25;15
NQ;2026-07-30;-1;27843.25;27888.5;-905
NQ;2026-07-30;1;27904.75;27906.75;40
NQ;2026-07-30;1;27915.25;27906.75;-170
NQ;2026-07-30;1;27906.25;28000;1875
NQ;2026-07-30;-1;28079.75;28091;-225
NQ;2026-07-30;-1;28087;28050.25;735
NQ;2026-07-30;1;28093.25;28082.75;-210
NQ;2026-07-30;1;28078.5;28064;-290
NQ;2026-07-30;1;28027.75;28019.5;-165
NQ;2026-07-30;1;28003.5;27991.25;-245
NQ;2026-07-30;-1;27979.5;27976.5;60
NQ;2026-07-30;1;27953.75;27945;-175
NQ;2026-07-30;1;27880.75;27868.5;-245
NQ;2026-07-30;1;27851;27840.25;-215
NQ;2026-07-30;1;27890.5;27870.25;-405
NQ;2026-07-30;-1;27744.25;27739.25;100
NQ;2026-07-30;-1;27682.5;27692.5;-200
NQ;2026-07-30;-1;27687.5;27714.5;-540
NQ;2026-07-30;-1;27722.25;27676.25;920
NQ;2026-07-30;1;27584.25;27611.25;540
NQ;2026-07-30;-1;27534.25;27528.25;120
NQ;2026-07-30;1;27515.25;27503.5;-235
NQ;2026-07-30;-1;27496.75;27467.75;580
NQ;2026-07-30;-1;27466.75;27476.75;-200
NQ;2026-07-30;-1;27473.75;27484.75;-220
NQ;2026-07-30;1;27494.75;27484.75;-200
NQ;2026-07-30;-1;27455.75;27423.25;650
NQ;2026-07-30;-1;27442.25;27429;265
NQ;2026-07-30;1;27407.75;27423;305
NQ;2026-07-30;1;27389;27378.25;-215
NQ;2026-07-30;1;27375.5;27372.75;-55
NQ;2026-07-30;-1;27368.5;27343.5;500
NQ;2026-07-30;-1;27345.5;27355.5;-200
NQ;2026-07-30;1;27321.75;27258.75;-1260
NQ;2026-07-30;1;27257;27258.75;35
NQ;2026-07-30;1;27219.5;27258.75;785
NQ;2026-07-30;1;27213.75;27258.75;900
NQ;2026-07-30;1;27360;27350;-200
NQ;2026-07-30;1;27349.25;27336;-265
NQ;2026-07-30;1;27494.5;27482.5;-240
MNQ;2026-07-30;-1;27465;27474.5;-19
MNQ;2026-07-30;-1;27438.5;27434;9
MNQ;2026-07-30;-1;27450;27434;32
MNQ;2026-07-30;-1;27482.25;27492.75;-21
MNQ;2026-07-30;1;27491;27480.5;-21
MNQ;2026-07-30;1;27477.5;27472;-11
MNQ;2026-07-30;-1;27488.5;27500.5;-24
MNQ;2026-07-30;-1;27496.5;27500.5;-8
MNQ;2026-07-30;1;27503.75;27499.25;-9
MNQ;2026-07-30;1;27489.25;27499.25;20
MNQ;2026-07-30;1;27486.5;27481.25;-10.5
MNQ;2026-07-30;-1;27495.5;27472.75;45.5
MNQ;2026-07-30;-1;27505.5;27510.75;-10.5
MNQ;2026-07-30;1;27465.5;27500.25;69.5
MNQ;2026-07-30;1;27457.5;27454.75;-5.5
MNQ;2026-07-30;-1;27666.75;27667;-0.5
MNQ;2026-07-30;-1;27659.75;27661.25;-3
MNQ;2026-07-30;-1;27662.75;27664.25;-3
MES;2026-07-30;1;7390.75;7391.5;3.75
MNQ;2026-07-30;-1;27683.75;27670.75;26
MNQ;2026-07-30;1;28145.75;28145.75;0
MNQ;2026-07-30;-20;28079;28084;-200
MNQ;2026-07-30;-16;28040.75;28047;-200
MNQ;2026-07-30;21;28051.25;28046.5;-199.5
MNQ;2026-07-30;15;28054;28047.5;-195
MNQ;2026-07-30;-17;28035;28041;-204
MNQ;2026-07-30;21;28030.75;28026;-199.5
MNQ;2026-07-30;-11;28038;28024.25;302.5
MNQ;2026-07-30;-15;28019.75;28025.5;-172.5
MNQ;2026-07-30;-21;28028;28032.75;-199.5
MNQ;2026-07-30;-15;28061;28051;300
MNQ;2026-07-30;-20;28027.25;28031;-150
MNQ;2026-07-30;-24;28046.5;28050.75;-204
MNQ;2026-07-30;27;28047.25;28043.5;-202.5
MNQ;2026-07-30;-19;28049;28054.25;-199.5
MNQ;2026-07-30;-20;28045.75;28038.25;300
MNQ;2026-07-30;-17;28041.25;28046.25;-170
MNQ;2026-07-30;-1;28074;28083.75;-19.5
MNQ;2026-07-30;-12;28047;28052.5;-132
MNQ;2026-07-30;-19;27999.75;28005;-199.5
MNQ;2026-07-30;57;28028.5;28026.5;-228
MNQ;2026-07-30;5;28039.5;28020;-195
MNQ;2026-07-30;-15;28020;28027.25;-217.5
MNQ;2026-07-30;-80;28024.25;28027;-440
MNQ;2026-07-30;-12;28026.5;28013.75;306
MNQ;2026-07-30;9;28032.5;28020.5;-216
MNQ;2026-07-30;8;28026.25;28045;300
MNQ;2026-07-30;19;28045.5;28042.5;-114
MNQ;2026-07-30;-2;28085.5;28093.25;-31
MNQ;2026-07-30;-2;28100;28085.75;57
MNQ;2026-07-30;1;28081.25;28100;37.5
MNQ;2026-07-30;-1;28110.75;28074.25;73
